code,constituency,region,population,median_age,party,majority,turnout,classification
E14000530,Aldershot,South East,106193,38,Con,11473,0.642346302736041,Large Town
E14000531,Aldridge-Brownhills,West Midlands,77532,45,Con,14307,0.6665507015887215,Medium Town
E14000532,Altrincham and Sale West,North West,101457,42,Con,6426,0.7209187993335701,Medium Town
E14000533,Amber Valley,East Midlands,90132,44,Con,8300,0.6730478219349152,Small Town
E14000534,Arundel and South Downs,South East,100501,50,Con,23883,0.7581469085784746,Village or smaller
E14000535,Ashfield,East Midlands,106495,43,Lab,441,0.6403120036887135,Medium Town
E14000536,Ashford,South East,122178,41,Con,17478,0.6852163365260279,Large Town
E14000537,Ashton-under-Lyne,North West,92289,39,Lab,11295,0.5877146319118125,Medium Town
E14000538,Aylesbury,South East,121812,38,Con,14656,0.7121241489593682,Large Town
E14000539,Banbury,South East,122939,40,Con,12399,0.7344197365909525,Medium Town
E14000540,Barking,London,139764,31,Lab,21608,0.6190309262288697,Core City (London)
E14000541,Barnsley Central,Yorkshire and The Humber,90319,41,Lab,15546,0.6087938446202729,Large Town
E14000542,Barnsley East,Yorkshire and The Humber,94604,41,Lab,13283,0.5891293668910914,Small Town
E14000543,Barrow and Furness,North West,86806,46,Lab,209,0.6850044621009298,Medium Town
E14000544,Basildon and Billericay,East,95530,39,Con,13400,0.6495827850005061,Large Town
E14000545,Basingstoke,South East,115046,37,Con,9466,0.6834809160305344,Large Town
E14000546,Bassetlaw,East Midlands,106994,44,Lab,4852,0.665266106442577,Medium Town
E14000547,Bath,South West,95024,32,LD,5694,0.7425050166222409,Large Town
E14000548,Batley and Spen,Yorkshire and The Humber,111539,38,Lab,8961,0.6708998141240753,Large Town
E14000549,Battersea,London,115715,33,Lab,2416,0.7097481114806508,Core City (London)
E14000550,Beaconsfield,South East,102421,45,Con,24543,0.7227181259996904,Small Town
E14000551,Beckenham,London,92767,42,Con,15087,0.7601030548398969,Core City (London)
E14000552,Bedford,East,106341,38,Lab,789,0.674936307062607,Large Town
E14000553,Bermondsey and Old Southwark,London,144175,32,Lab,12972,0.6704818862995807,Core City (London)
E14000554,Berwick-upon-Tweed,North East,75542,50,Con,11781,0.7178057034026561,Village or smaller
E14000555,Bethnal Green and Bow,London,146820,30,Lab,35393,0.6950334011036886,Core City (London)
E14000556,Beverley and Holderness,Yorkshire and The Humber,100257,49,Con,14042,0.6898099359014097,Village or smaller
E14000557,Bexhill and Battle,South East,104993,51,Con,22165,0.7312340927813503,Village or smaller
E14000558,Bexleyheath and Crayford,London,93923,38,Con,9073,0.6918625124397152,Core City (London)
E14000559,Birkenhead,North West,90087,39,Lab,25514,0.6771137026239067,Large Town
E14000560,"Birmingham, Edgbaston",West Midlands,105317,32,Lab,6917,0.6404958070816995,Core City (outside London)
E14000561,"Birmingham, Erdington",West Midlands,103188,34,Lab,7285,0.5719796517435873,Core City (outside London)
E14000562,"Birmingham, Hall Green",West Midlands,120130,32,Lab,33944,0.6938712933270305,Core City (outside London)
E14000563,"Birmingham, Hodge Hill",West Midlands,129262,28,Lab,31026,0.6128827710111231,Core City (outside London)
E14000564,"Birmingham, Ladywood",West Midlands,146279,27,Lab,28714,0.5899061736857889,Core City (outside London)
E14000565,"Birmingham, Northfield",West Midlands,103704,37,Lab,4667,0.613202068526866,Core City (outside London)
E14000566,"Birmingham, Perry Barr",West Midlands,112420,33,Lab,18383,0.6304310615353893,Core City (outside London)
E14000567,"Birmingham, Selly Oak",West Midlands,108848,31,Lab,15207,0.6586661288153826,Core City (outside London)
E14000568,"Birmingham, Yardley",West Midlands,113069,33,Lab,16574,0.6131356691145066,Core City (outside London)
E14000569,Bishop Auckland,North East,88794,45,Lab,502,0.6396742584354355,Village or smaller
E14000570,Blackburn,North West,109163,34,Lab,20368,0.6724074493377109,Large Town
E14000571,Blackley and Broughton,North West,121759,31,Lab,19601,0.5598621036176865,Core City (outside London)
E14000572,Blackpool North and Cleveleys,North West,83152,46,Con,2023,0.6410649241014899,Large Town
E14000573,Blackpool South,North West,79725,42,Lab,2523,0.5977937403796819,Large Town
E14000574,Blaydon,North East,88273,45,Lab,13477,0.7023766049752407,Small Town
E14000575,Blyth Valley,North East,83985,44,Lab,7915,0.6700307498225971,Medium Town
E14000576,Bognor Regis and Littlehampton,South East,106496,46,Con,17494,0.6772257902857821,Large Town
E14000577,Bolsover,East Midlands,98531,44,Lab,5288,0.6335235397458769,Small Town
E14000578,Bolton North East,North West,97992,38,Lab,3797,0.6720360537236179,Other City
E14000579,Bolton South East,North West,105872,35,Lab,13126,0.6143918938536133,Other City
E14000580,Bolton West,North West,96124,42,Con,936,0.7013201093451653,Small Town
E14000581,Bootle,North West,99224,40,Lab,36200,0.6900867274124493,Medium Town
E14000582,Boston and Skegness,East Midlands,106272,45,Con,16572,0.6268676354492558,Medium Town
E14000583,Bosworth,East Midlands,104589,44,Con,18351,0.6878191547984962,Medium Town
E14000584,Bournemouth East,South West,107483,39,Con,7937,0.65179445241383,Other City
E14000585,Bournemouth West,South West,105394,37,Con,7711,0.6080606598811394,Other City
E14000586,Bracknell,South East,111021,39,Con,16016,0.7057159812623897,Large Town
E14000587,Bradford East,Yorkshire and The Humber,118123,31,Lab,20540,0.6481410447655174,Other City
E14000588,Bradford South,Yorkshire and The Humber,105363,36,Lab,6700,0.6058714133900106,Other City
E14000589,Bradford West,Yorkshire and The Humber,117969,30,Lab,21902,0.6738100876154393,Other City
E14000590,Braintree,East,101121,43,Con,18422,0.694752774974773,Medium Town
E14000591,Brent Central,London,147291,34,Lab,27997,0.6496478217120709,Core City (London)
E14000592,Brent North,London,136376,35,Lab,17061,0.6836145191178074,Core City (London)
E14000593,Brentford and Isleworth,London,134768,36,Lab,12182,0.7236508383824151,Core City (London)
E14000594,Brentwood and Ongar,East,96486,44,Con,24002,0.7048370122690396,Medium Town
E14000595,Bridgwater and West Somerset,South West,113002,47,Con,15448,0.6525298452303626,Village or smaller
E14000596,Brigg and Goole,Yorkshire and The Humber,88452,46,Con,12363,0.6819688507469464,Village or smaller
E14000597,"Brighton, Kemptown",South East,95938,37,Lab,9868,0.7247728042655355,Other City
E14000598,"Brighton, Pavilion",South East,112196,32,Green,14699,0.7642079325967729,Other City
E14000599,Bristol East,South West,100828,35,Lab,13394,0.7014983083615273,Core City (outside London)
E14000600,Bristol North West,South West,106013,36,Lab,4761,0.7171302065381658,Core City (outside London)
E14000601,Bristol South,South West,113526,34,Lab,15987,0.6551101045631956,Core City (outside London)
E14000602,Bristol West,South West,138885,28,Lab,37336,0.7699536574089008,Core City (outside London)
E14000603,Broadland,East,98565,48,Con,15816,0.7237566917526573,Village or smaller
E14000604,Bromley and Chislehurst,London,95597,39,Con,9590,0.7165870663574796,Core City (London)
E14000605,Bromsgrove,West Midlands,97594,45,Con,16573,0.7345285506517514,Medium Town
E14000606,Broxbourne,East,102167,40,Con,15792,0.646036842534897,Medium Town
E14000607,Broxtowe,East Midlands,97540,42,Con,863,0.749976355505114,Medium Town
E14000608,Buckingham,South East,104977,45,Spk,25725,0.6616717955159204,Village or smaller
E14000609,Burnley,North West,87705,40,Lab,6353,0.6226336367429569,Large Town
E14000610,Burton,West Midlands,106400,40,Con,10047,0.6748925007437055,Large Town
E14000611,Bury North,North West,89662,41,Lab,4375,0.708833974548683,Large Town
E14000612,Bury South,North West,99966,39,Lab,5965,0.691718103506749,Medium Town
E14000613,Bury St Edmunds,East,117735,44,Con,18441,0.7221944673583437,Village or smaller
E14000614,Calder Valley,Yorkshire and The Humber,104805,45,Con,609,0.7344424062243026,Village or smaller
E14000615,Camberwell and Peckham,London,131739,33,Lab,37316,0.670599091259505,Core City (London)
E14000616,Camborne and Redruth,South West,91485,44,Con,1577,0.7082243236527865,Small Town
E14000617,Cambridge,East,115902,30,Lab,12661,0.7121358728865349,Large Town
E14000618,Cannock Chase,West Midlands,99126,42,Con,8391,0.6422323584652535,Large Town
E14000619,Canterbury,South East,119757,34,Lab,187,0.7265099383489806,Large Town
E14000620,Carlisle,North West,86429,42,Con,2599,0.6911741098661187,Large Town
E14000621,Carshalton and Wallington,London,101780,38,LD,1369,0.7163545004163785,Core City (London)
E14000622,Castle Point,East,89814,46,Con,18872,0.6435871599251476,Medium Town
E14000623,Central Devon,South West,93250,48,Con,15680,0.7777867419658464,Village or smaller
E14000624,Central Suffolk and North Ipswich,East,101581,46,Con,17185,0.7235905576322392,Village or smaller
E14000625,Charnwood,East Midlands,101581,44,Con,16341,0.7067412995862741,Small Town
E14000626,Chatham and Aylesford,South East,101469,37,Con,10458,0.6374700009940499,Large Town
E14000627,Cheadle,North West,93422,45,Con,4507,0.7434269678227938,Small Town
E14000628,Chelmsford,East,111032,39,Con,13572,0.701698094579919,Large Town
E14000629,Chelsea and Fulham,London,107789,37,Con,8188,0.6610595028872709,Core City (London)
E14000630,Cheltenham,South West,106352,39,Con,2569,0.722787088922133,Large Town
E14000631,Chesham and Amersham,South East,95355,45,Con,22140,0.7710944259915706,Small Town
E14000632,Chesterfield,East Midlands,94140,44,Lab,9605,0.6650154712844635,Large Town
E14000633,Chichester,South East,110722,48,Con,22621,0.7049922933016437,Village or smaller
E14000634,Chingford and Woodford Green,London,94571,39,Con,2438,0.7119833833651718,Core City (London)
E14000635,Chippenham,South West,99897,44,Con,16630,0.7475926313585932,Medium Town
E14000636,Chipping Barnet,London,118408,39,Con,353,0.717747157398534,Core City (London)
E14000637,Chorley,North West,102715,42,Lab,7512,0.7281555939479608,Medium Town
E14000638,Christchurch,South West,86089,53,Con,25171,0.7201638481559971,Medium Town
E14000639,Cities of London and Westminster,London,122923,37,Con,3148,0.6281832512635497,Core City (London)
E14000640,City of Chester,North West,96364,40,Lab,9176,0.7743861430983132,Large Town
E14000641,City of Durham,North East,100372,37,Lab,12364,0.6793566889726143,Medium Town
E14000642,Clacton,East,89901,52,Con,15828,0.6373532766412081,Medium Town
E14000643,Cleethorpes,Yorkshire and The Humber,94333,46,Con,10400,0.6580022279985147,Medium Town
E14000644,Colchester,East,122387,34,Con,5677,0.6693459672983649,Large Town
E14000645,Colne Valley,Yorkshire and The Humber,111717,42,Lab,915,0.7159870596181876,Large Town
E14000646,Congleton,North West,94744,47,Con,12619,0.7331864291861162,Small Town
E14000647,Copeland,North West,78684,47,Con,1695,0.6951628313711519,Village or smaller
E14000648,Corby,East Midlands,121295,40,Con,2690,0.722681281618887,Medium Town
E14000649,Coventry North East,West Midlands,124974,32,Lab,15580,0.6138940587916947,Other City
E14000650,Coventry North West,West Midlands,112177,35,Lab,8580,0.6629209000478749,Other City
E14000651,Coventry South,West Midlands,122998,29,Lab,7947,0.6645696674960416,Other City
E14000652,Crawley,South East,111664,36,Con,2457,0.6846850527749404,Large Town
E14000653,Crewe and Nantwich,North West,110128,41,Lab,48,0.6974713226440206,Large Town
E14000654,Croydon Central,London,121087,36,Lab,5652,0.7132363045786745,Core City (London)
E14000655,Croydon North,London,146065,35,Lab,32365,0.6817095619761951,Core City (London)
E14000656,Croydon South,London,117685,40,Con,11406,0.7334586556191479,Core City (London)
E14000657,Dagenham and Rainham,London,112045,35,Lab,4652,0.6491871530531325,Core City (London)
E14000658,Darlington,North East,91768,42,Lab,3280,0.6755550865980314,Large Town
E14000659,Dartford,South East,113576,37,Con,13186,0.6906988000917127,Large Town
E14000660,Daventry,East Midlands,99130,45,Con,21734,0.7395307434766435,Village or smaller
E14000661,Denton and Reddish,North West,86628,40,Lab,14077,0.6022569998935378,Medium Town
E14000662,Derby North,East Midlands,102733,36,Lab,2015,0.6961197957636693,Other City
E14000663,Derby South,East Midlands,115414,34,Lab,11248,0.6479876426671244,Other City
E14000664,Derbyshire Dales,East Midlands,79872,50,Con,14327,0.7693776191215272,Village or smaller
E14000665,Devizes,South West,102273,40,Con,21136,0.7008893937714729,Village or smaller
E14000666,Dewsbury,Yorkshire and The Humber,113692,39,Lab,3321,0.6951427904060583,Large Town
E14000667,Don Valley,Yorkshire and The Humber,100175,43,Lab,5169,0.6215434518178132,Small Town
E14000668,Doncaster Central,Yorkshire and The Humber,110064,39,Lab,10131,0.5999051841936474,Large Town
E14000669,Doncaster North,Yorkshire and The Humber,98701,41,Lab,14024,0.5846056067535267,Small Town
E14000670,Dover,South East,101535,45,Con,6437,0.696931495091465,Medium Town
E14000671,Dudley North,West Midlands,84817,39,Lab,22,0.6271456892800155,Large Town
E14000672,Dudley South,West Midlands,81197,42,Con,7730,0.6236485494838805,Medium Town
E14000673,Dulwich and West Norwood,London,116035,34,Lab,28156,0.7194407780924433,Core City (London)
E14000674,Ealing Central and Acton,London,122419,35,Lab,13807,0.7458490566037735,Core City (London)
E14000675,Ealing North,London,121080,36,Lab,19693,0.7024236263442298,Core City (London)
E14000676,"Ealing, Southall",London,99237,36,Lab,22090,0.6925354359698104,Core City (London)
E14000677,Easington,North East,82631,42,Lab,14892,0.5828965296144907,Small Town
E14000678,East Devon,South West,104193,48,Con,8036,0.7330670519248746,Village or smaller
E14000679,East Ham,London,162796,31,Lab,39883,0.6747807644647793,Core City (London)
E14000680,East Hampshire,South East,98009,46,Con,25852,0.7472319995684482,Small Town
E14000681,East Surrey,South East,111878,43,Con,23914,0.7219525876786498,Small Town
E14000682,East Worthing and Shoreham,South East,99758,44,Con,5106,0.7033035418735518,Medium Town
E14000683,East Yorkshire,Yorkshire and The Humber,101516,50,Con,15006,0.6655893418861407,Village or smaller
E14000684,Eastbourne,South East,110809,45,LD,1609,0.7291058231962821,Large Town
E14000685,Eastleigh,South East,108865,41,Con,14179,0.7053144855440083,Large Town
E14000686,Eddisbury,North West,89467,46,Con,11942,0.7302908697632058,Village or smaller
E14000687,Edmonton,London,120266,33,Lab,21115,0.6640315003724706,Core City (London)
E14000688,Ellesmere Port and Neston,North West,87285,44,Lab,11390,0.7418372993912562,Large Town
E14000689,Elmet and Rothwell,Yorkshire and The Humber,100292,45,Con,9805,0.7415775118008245,Small Town
E14000690,Eltham,London,95175,37,Lab,6296,0.7158699630858951,Core City (London)
E14000691,Enfield North,London,109930,35,Lab,10247,0.7133938539279628,Core City (London)
E14000692,"Enfield, Southgate",London,102509,38,Lab,4355,0.7411133261769667,Core City (London)
E14000693,Epping Forest,East,100102,41,Con,18243,0.6794358885157284,Small Town
E14000694,Epsom and Ewell,South East,109981,42,Con,20475,0.7405565482512589,Medium Town
E14000695,Erewash,East Midlands,97103,42,Con,4534,0.6819782176861429,Medium Town
E14000696,Erith and Thamesmead,London,121265,34,Lab,10014,0.6377144168435546,Core City (London)
E14000697,Esher and Walton,South East,114285,42,Con,23298,0.7393560503101139,Medium Town
E14000698,Exeter,South West,114569,33,Lab,16117,0.7167076167076167,Large Town
E14000699,Fareham,South East,101851,45,Con,21555,0.7231883506475386,Medium Town
E14000700,Faversham and Mid Kent,South East,97954,43,Con,17413,0.6889966068831799,Large Town
E14000701,Feltham and Heston,London,134332,35,Lab,15603,0.648934087182123,Core City (London)
E14000702,Filton and Bradley Stoke,South West,101349,37,Con,4190,0.6995019521818909,Large Town
E14000703,Finchley and Golders Green,London,130507,36,Con,1657,0.714383122639065,Core City (London)
E14000704,Folkestone and Hythe,South East,116776,46,Con,15411,0.6824346253709199,Medium Town
E14000705,Forest of Dean,South West,90237,47,Con,9502,0.7301616406668735,Village or smaller
E14000706,Fylde,North West,84814,49,Con,11805,0.7047181400427681,Medium Town
E14000707,Gainsborough,East Midlands,96951,47,Con,17023,0.677598724520048,Village or smaller
E14000708,Garston and Halewood,North West,99510,41,Lab,32149,0.7112747182649373,Core City (outside London)
E14000709,Gateshead,North East,97101,37,Lab,17350,0.6458902218267726,Large Town
E14000710,Gedling,East Midlands,94780,43,Lab,4694,0.7256363815059742,Medium Town
E14000711,Gillingham and Rainham,South East,103079,38,Con,9430,0.6703153505342716,Large Town
E14000712,Gloucester,South West,119713,38,Con,5520,0.6517326583499066,Large Town
E14000713,Gosport,South East,99877,43,Con,17211,0.6672915093321825,Large Town
E14000714,Grantham and Stamford,East Midlands,111163,44,Con,20094,0.692353804746758,Medium Town
E14000715,Gravesham,South East,106121,39,Con,9347,0.67161499026784,Medium Town
E14000716,Great Grimsby,Yorkshire and The Humber,88500,38,Lab,2565,0.5753040830539494,Large Town
E14000717,Great Yarmouth,East,99417,45,Con,7973,0.6182220479498095,Medium Town
E14000718,Greenwich and Woolwich,London,129210,32,Lab,20714,0.6879906723668869,Core City (London)
E14000719,Guildford,South East,114435,36,Con,17040,0.7372594333984142,Large Town
E14000720,Hackney North and Stoke Newington,London,141379,32,Lab,35139,0.6618777775165181,Core City (London)
E14000721,Hackney South and Shoreditch,London,134550,32,Lab,37931,0.6661211326249413,Core City (London)
E14000722,Halesowen and Rowley Regis,West Midlands,89126,41,Con,5253,0.6445189961659115,Medium Town
E14000723,Halifax,Yorkshire and The Humber,104649,38,Lab,5376,0.67780523419072225,Large Town
E14000724,Haltemprice and Howden,Yorkshire and The Humber,89510,48,Con,15405,0.7192494302213398,Village or smaller
E14000725,Halton,North West,97326,40,Lab,25405,0.674108662210545,Large Town
E14000726,Hammersmith,London,117504,34,Lab,18651,0.7177176764693762,Core City (London)
E14000727,Hampstead and Kilburn,London,144586,35,Lab,15560,0.7040635509962992,Core City (London)
E14000728,Harborough,East Midlands,106126,43,Con,12429,0.7308463392970436,Medium Town
E14000729,Harlow,East,96754,38,Con,7031,0.6624322368129515,Large Town
E14000730,Harrogate and Knaresborough,Yorkshire and The Humber,103322,45,Con,18168,0.7342132505175983,Large Town
E14000731,Harrow East,London,108089,37,Con,1757,0.7085917357675423,Core City (London)
E14000732,Harrow West,London,108963,36,Lab,13314,0.7214493459604281,Core City (London)
E14000733,Hartlepool,North East,93019,41,Lab,7650,0.5915749879804293,Large Town
E14000734,Harwich and North Essex,East,95282,46,Con,14356,0.717325441131091,Village or smaller
E14000735,Hastings and Rye,South East,111779,44,Con,346,0.6992683767668126,Large Town
E14000736,Havant,South East,95381,45,Con,15956,0.6390782392714227,Medium Town
E14000737,Hayes and Harlington,London,126503,33,Lab,18115,0.652426707430256,Core City (London)
E14000738,Hazel Grove,North West,80374,46,Con,5514,0.6986670044011019,Small Town
E14000739,Hemel Hempstead,East,106080,38,Con,9445,0.7025734058993482,Large Town
E14000740,Hemsworth,Yorkshire and The Humber,98041,42,Lab,10174,0.639265340197579,Village or smaller
E14000741,Hendon,London,138888,34,Con,1072,0.6823527874336792,Core City (London)
E14000742,Henley,South East,99228,46,Con,22294,0.7613504540181607,Village or smaller
E14000743,Hereford and South Herefordshire,West Midlands,101437,44,Con,15013,0.7101620526671168,Large Town
E14000744,Hertford and Stortford,East,113894,41,Con,19035,0.7285976268839797,Medium Town
E14000745,Hertsmere,East,104031,40,Con,16951,0.7103356398091379,Medium Town
E14000746,Hexham,North East,77272,50,Con,9236,0.7571126725959413,Village or smaller
E14000747,Heywood and Middleton,North West,106600,40,Lab,7617,0.6240848049461208,Medium Town
E14000748,High Peak,East Midlands,92063,45,Lab,2322,0.7352146133682831,Village or smaller
E14000749,Hitchin and Harpenden,East,103624,41,Con,12031,0.7743163496496127,Medium Town
E14000750,Holborn and St Pancras,London,154210,32,Lab,30509,0.669750703841613,Core City (London)
E14000751,Hornchurch and Upminster,London,110402,40,Con,17723,0.6936090690824485,Core City (London)
E14000752,Hornsey and Wood Green,London,128655,36,Lab,30738,0.7791884522052386,Core City (London)
E14000753,Horsham,South East,111853,43,Con,23484,0.7488885130237278,Medium Town
E14000754,Houghton and Sunderland South,North East,87575,44,Lab,12341,0.6088986098674456,Other City
E14000755,Hove,South East,103177,38,Lab,18757,0.775849991917668,Other City
E14000756,Huddersfield,Yorkshire and The Humber,100197,35,Lab,12005,0.6538777093247012,Large Town
E14000757,Huntingdon,East,119679,41,Con,14475,0.7086492708222087,Medium Town
E14000758,Hyndburn,North West,92364,39,Lab,5815,0.6312423192939336,Small Town
E14000759,Ilford North,London,109618,36,Lab,9639,0.725248982834911,Core City (London)
E14000760,Ilford South,London,144360,32,Lab,31647,0.6754727149183439,Core City (London)
E14000761,Ipswich,East,114348,37,Lab,831,0.6758074747581541,Large Town
E14000762,Isle of Wight,South East,140984,49,Con,21069,0.6729036979481944,Small Town
E14000763,Islington North,London,116074,32,Lab,33215,0.7340273416097607,Core City (London)
E14000764,Islington South and Finsbury,London,118926,31,Lab,20263,0.6909945927289461,Core City (London)
E14000765,Jarrow,North East,82979,43,Lab,17263,0.6641606718330297,Medium Town
E14000766,Keighley,Yorkshire and The Humber,97371,42,Lab,239,0.7239916560500637,Medium Town
E14000767,Kenilworth and Southam,West Midlands,83252,46,Con,18076,0.7738506310408781,Village or smaller
E14000768,Kensington,London,113446,38,Lab,20,0.6383607314979864,Core City (London)
E14000769,Kettering,East Midlands,100252,41,Con,10562,0.691545352743561,Medium Town
E14000770,Kingston and Surbiton,London,127264,36,LD,4124,0.7620973672598912,Core City (London)
E14000771,Kingston upon Hull East,Yorkshire and The Humber,90986,38,Lab,10396,0.5554662745038584,Other City
E14000772,Kingston upon Hull North,Yorkshire and The Humber,97969,32,Lab,14322,0.5740663419160288,Other City
E14000773,Kingston upon Hull West and Hessle,Yorkshire and The Humber,86690,38,Lab,8025,0.5743507086954355,Other City
E14000774,Kingswood,South West,91234,41,Con,7500,0.7026438703725061,Core City (outside London)
E14000775,Knowsley,North West,105786,39,Lab,42214,0.6786081213307241,Core City (outside London)
E14000776,Lancaster and Fleetwood,North West,90139,37,Lab,6661,0.6848289007356226,Medium Town
E14000777,Leeds Central,Yorkshire and The Humber,152847,27,Lab,23698,0.5324391033874264,Core City (outside London)
E14000778,Leeds East,Yorkshire and The Humber,99969,35,Lab,12752,0.6283699772554966,Core City (outside London)
E14000779,Leeds North East,Yorkshire and The Humber,92604,38,Lab,16991,0.755919100867184,Core City (outside London)
E14000780,Leeds North West,Yorkshire and The Humber,86016,32,Lab,4224,0.6791730250029346,Core City (outside London)
E14000781,Leeds West,Yorkshire and The Humber,94030,34,Lab,15965,0.621425943639173,Core City (outside London)
E14000782,Leicester East,East Midlands,116911,35,Lab,22428,0.6739342829228159,Other City
E14000783,Leicester South,East Midlands,127672,28,Lab,26261,0.6687981571212964,Other City
E14000784,Leicester West,East Midlands,108957,31,Lab,11060,0.5785050043952316,Other City
E14000785,Leigh,North West,104932,42,Lab,9554,0.6151282118579565,Medium Town
E14000786,Lewes,South East,92793,48,Con,5508,0.7639023977671586,Small Town
E14000787,Lewisham East,London,110260,36,Lab,21213,0.6928688861487875,Core City (London)
E14000788,Lewisham West and Penge,London,114967,36,Lab,23162,0.7297219440595893,Core City (London)
E14000789,"Lewisham, Deptford",London,125190,33,Lab,34899,0.7023500025488097,Core City (London)
E14000790,Leyton and Wanstead,London,110795,34,Lab,22607,0.7087292207094507,Core City (London)
E14000791,Lichfield,West Midlands,95785,46,Con,18581,0.719118634959022,Medium Town
E14000792,Lincoln,East Midlands,111942,34,Lab,1538,0.6663566358003583,Large Town
E14000793,"Liverpool, Riverside",North West,131888,28,Lab,35947,0.629093957973065,Core City (outside London)
E14000794,"Liverpool, Walton",North West,92439,37,Lab,32551,0.6725907743313463,Core City (outside London)
E14000795,"Liverpool, Wavertree",North West,95210,35,Lab,29466,0.6992357116533945,Core City (outside London)
E14000796,"Liverpool, West Derby",North West,93045,38,Lab,32908,0.6930667239580136,Core City (outside London)
E14000797,Loughborough,East Midlands,107916,35,Con,4269,0.6801914404512166,Large Town
E14000798,Louth and Horncastle,East Midlands,99323,52,Con,19641,0.6679281582644576,Village or smaller
E14000799,Ludlow,West Midlands,86265,51,Con,19286,0.7344856983273069,Village or smaller
E14000800,Luton North,East,101258,36,Lab,14364,0.6978192213857,Other City
E14000801,Luton South,East,119759,32,Lab,13925,0.6866255879026016,Other City
E14000802,Macclesfield,North West,93692,47,Con,8608,0.7218987610995906,Medium Town
E14000803,Maidenhead,South East,106307,42,Con,26457,0.7655370944844629,Large Town
E14000804,Maidstone and The Weald,South East,108642,40,Con,17723,0.6865027743117318,Large Town
E14000805,Makerfield,North West,100385,42,Lab,13542,0.6320176678921073,Small Town
E14000806,Maldon,East,91364,47,Con,23430,0.7024205960542885,Village or smaller
E14000807,Manchester Central,North West,158529,27,Lab,31445,0.5508469881787261,Core City (outside London)
E14000808,"Manchester, Gorton",North West,119476,28,Lab,31730,0.6097635413072902,Core City (outside London)
E14000809,"Manchester, Withington",North West,100773,31,Lab,29875,0.7180057331154392,Core City (outside London)
E14000810,Mansfield,East Midlands,108576,41,Con,1057,0.6446003778386089,Large Town
E14000811,Meon Valley,South East,94535,47,Con,25692,0.7298979069579506,Medium Town
E14000812,Meriden,West Midlands,111675,42,Con,19198,0.6709355009024717,Core City (outside London)
E14000813,Mid Bedfordshire,East,110736,42,Con,20983,0.7502049642946258,Village or smaller
E14000814,Mid Derbyshire,East Midlands,84841,46,Con,11616,0.7466131088251861,Other City
E14000815,Mid Dorset and North Poole,South West,82737,47,Con,15339,0.7417986164488855,Large Town
E14000816,Mid Norfolk,East,105925,46,Con,16086,0.6956152298599223,Small Town
E14000817,Mid Sussex,South East,112448,43,Con,19673,0.7322323868361649,Medium Town
E14000818,Mid Worcestershire,West Midlands,101762,46,Con,23326,0.7243120291360428,Village or smaller
E14000819,Middlesbrough,North East,95892,33,Lab,13873,0.58364860217167,Other City
E14000820,Middlesbrough South and East Cleveland,North East,93537,45,Con,1020,0.6583167440831674,Other City
E14000821,Milton Keynes North,South East,132573,37,Con,1975,0.7165805374017734,Other City
E14000822,Milton Keynes South,South East,134948,37,Con,1665,0.6984212861270113,Other City
E14000823,Mitcham and Morden,London,106832,36,Lab,21375,0.7003565970453388,Core City (London)
E14000824,Mole Valley,South East,97219,46,Con,24137,0.7609631766047354,Village or smaller
E14000825,Morecambe and Lunesdale,North West,89064,45,Con,1399,0.6833039001466671,Medium Town
E14000826,Morley and Outwood,Yorkshire and The Humber,98496,41,Con,2104,0.6844499640499379,Large Town
E14000827,New Forest East,South East,93713,47,Con,21995,0.7075011707666455,Small Town
E14000828,New Forest West,South East,85877,52,Con,23431,0.7214694850696363,Small Town
E14000829,Newark,East Midlands,104522,45,Con,18149,0.728936564693418,Village or smaller
E14000830,Newbury,South East,111848,42,Con,24380,0.7337923882108919,Medium Town
E14000831,Newcastle upon Tyne Central,North East,102253,31,Lab,14937,0.6699537639069498,Core City (outside London)
E14000832,Newcastle upon Tyne East,North East,101547,27,Lab,19261,0.6716836858152253,Core City (outside London)
E14000833,Newcastle upon Tyne North,North East,92042,41,Lab,10349,0.7308280235497102,Core City (outside London)
E14000834,Newcastle-under-Lyme,West Midlands,94194,39,Lab,30,0.6683639246295506,Large Town
E14000835,Newton Abbot,South West,90795,48,Con,17160,0.7200407172936943,Small Town
E14000836,"Normanton, Pontefract and Castleford",Yorkshire and The Humber,112182,41,Lab,14499,0.6025281414975319,Medium Town
E14000837,North Cornwall,South West,92772,47,Con,7200,0.7399918656673058,Village or smaller
E14000838,North Devon,South West,95440,47,Con,4332,0.7348847640532447,Village or smaller
E14000839,North Dorset,South West,98878,47,Con,25777,0.7300980032493056,Village or smaller
E14000840,North Durham,North East,88060,44,Lab,12939,0.6463192474242198,Village or smaller
E14000841,North East Bedfordshire,East,114925,42,Con,20862,0.7339009199474316,Village or smaller
E14000842,North East Cambridgeshire,East,119024,44,Con,21270,0.6312223090956477,Small Town
E14000843,North East Derbyshire,East Midlands,91786,47,Con,2860,0.6987808091876222,Small Town
E14000844,North East Hampshire,South East,100563,43,Con,27772,0.7727284917399699,Medium Town
E14000845,North East Hertfordshire,East,100639,43,Con,16835,0.7316527348120845,Village or smaller
E14000846,North East Somerset,South West,93654,44,Con,10235,0.7573821035666737,Village or smaller
E14000847,North Herefordshire,West Midlands,89604,49,Con,21602,0.7406089947011852,Village or smaller
E14000848,North Norfolk,East,86991,54,LD,3512,0.7533888640267933,Village or smaller
E14000849,North Shropshire,West Midlands,109100,45,Con,16355,0.6903706463028497,Village or smaller
E14000850,North Somerset,South West,101910,46,Con,17103,0.7698344695699686,Village or smaller
E14000851,North Swindon,South West,112237,40,Con,8335,0.6849491068755613,Other City
E14000852,North Thanet,South East,98218,45,Con,10738,0.6651663432024335,Large Town
E14000853,North Tyneside,North East,104399,42,Lab,19284,0.6575766023772714,Medium Town
E14000854,North Warwickshire,West Midlands,92833,44,Con,8510,0.6527387689029706,Village or smaller
E14000855,North West Cambridgeshire,East,133227,39,Con,18008,0.6864440415786143,Large Town
E14000856,North West Durham,North East,94105,45,Lab,8792,0.6660641285908951,Village or smaller
E14000857,North West Hampshire,South East,107227,43,Con,22679,0.7217487412501535,Village or smaller
E14000858,North West Leicestershire,East Midlands,100109,43,Con,13286,0.7104508903691515,Village or smaller
E14000859,North West Norfolk,East,98029,47,Con,13788,0.6773472842829785,Medium Town
E14000860,North Wiltshire,South West,94290,45,Con,22877,0.7521006049742326,Village or smaller
E14000861,Northampton North,East Midlands,88634,38,Con,807,0.6859890249910807,Other City
E14000862,Northampton South,East Midlands,101461,35,Con,1159,0.6643460803678399,Other City
E14000863,Norwich North,East,89235,41,Con,507,0.6857778973163589,Other City
E14000864,Norwich South,East,103284,33,Lab,15596,0.6923377638780297,Other City
E14000865,Nottingham East,East Midlands,109797,29,Lab,19590,0.6367713730569948,Core City (outside London)
E14000866,Nottingham North,East Midlands,100690,34,Lab,11160,0.5729001584786054,Core City (outside London)
E14000867,Nottingham South,East Midlands,118722,26,Lab,15162,0.6761400354022085,Core City (outside London)
E14000868,Nuneaton,West Midlands,93717,41,Con,4739,0.6656984725654254,Large Town
E14000869,Old Bexley and Sidcup,London,89400,41,Con,15466,0.7278539504582986,Core City (London)
E14000870,Oldham East and Saddleworth,North West,105960,37,Lab,8182,0.6516263992020392,Large Town
E14000871,Oldham West and Royton,North West,107334,35,Lab,17198,0.6324222041132028,Large Town
E14000872,Orpington,London,91917,43,Con,19461,0.7431445318252776,Core City (London)
E14000873,Oxford East,South East,123350,28,Lab,23284,0.6878876834716018,Large Town
E14000874,Oxford West and Abingdon,South East,109678,39,LD,816,0.7941884775187233,Large Town
E14000875,Pendle,North West,90696,39,Con,1279,0.6904651950370986,Small Town
E14000876,Penistone and Stocksbridge,Yorkshire and The Humber,89284,46,Lab,1322,0.6983434558792588,Small Town
E14000877,Penrith and The Border,North West,82409,49,Con,15910,0.7133975037995671,Village or smaller
E14000878,Peterborough,East,122987,36,Lab,607,0.6674589636755124,Large Town
E14000879,"Plymouth, Moor View",South West,93933,40,Con,5019,0.6549710132387297,Other City
E14000880,"Plymouth, Sutton and Devonport",South West,114519,33,Lab,6807,0.6686514154392562,Other City
E14000881,Poole,South West,98567,44,Con,14209,0.6755108677977126,Large Town
E14000882,Poplar and Limehouse,London,161144,31,Lab,27712,0.6734607413175161,Core City (London)
E14000883,Portsmouth North,South East,100174,38,Con,9965,0.6614453442430016,Other City
E14000884,Portsmouth South,South East,114544,30,Lab,1554,0.6386186143153972,Other City
E14000885,Preston,North West,96426,31,Lab,15723,0.6159609627796716,Large Town
E14000886,Pudsey,Yorkshire and The Humber,91879,40,Con,331,0.743011759521908,Small Town
E14000887,Putney,London,98091,34,Con,1554,0.7211022435453861,Core City (London)
E14000888,Rayleigh and Wickford,East,101041,45,Con,23450,0.7042491980243393,Medium Town
E14000889,Reading East,South East,115284,34,Lab,3749,0.7312707679680157,Other City
E14000890,Reading West,South East,104157,37,Con,2876,0.6946311876870228,Other City
E14000891,Redcar,North East,87215,43,Lab,9485,0.6367825722664432,Medium Town
E14000892,Redditch,West Midlands,90889,40,Con,7363,0.7017682765901293,Large Town
E14000893,Reigate,South East,106027,40,Con,17614,0.72121723749799,Medium Town
E14000894,Ribble Valley,North West,99620,46,Con,13199,0.7079827621588344,Large Town
E14000895,Richmond (Yorks),Yorkshire and The Humber,109492,46,Con,23108,0.7046906866077498,Village or smaller
E14000896,Richmond Park,London,125093,39,Con,45,0.791377694470478,Core City (London)
E14000897,Rochdale,North West,111859,36,Lab,14819,0.6410637425701988,Large Town
E14000898,Rochester and Strood,South East,112916,38,Con,9850,0.6501535633962903,Large Town
E14000899,Rochford and Southend East,East,105200,40,Con,5548,0.6428211861063114,Other City
E14000900,Romford,London,104539,38,Con,13778,0.6795749255031092,Core City (London)
E14000901,Romsey and Southampton North,South East,91141,42,Con,18046,0.7461078200815646,Other City
E14000902,Rossendale and Darwen,North West,98020,42,Con,3216,0.6919405126507188,Small Town
E14000903,Rother Valley,Yorkshire and The Humber,96352,44,Lab,3882,0.657822677123488,Small Town
E14000904,Rotherham,Yorkshire and The Humber,91706,38,Lab,11387,0.5996963802836947,Large Town
E14000905,Rugby,West Midlands,102733,41,Con,8212,0.7112712157949429,Large Town
E14000906,"Ruislip, Northwood and Pinner",London,97520,42,Con,13980,0.7270077764310131,Core City (London)
E14000907,Runnymede and Weybridge,South East,108976,39,Con,18050,0.6891491293665206,Medium Town
E14000908,Rushcliffe,East Midlands,98568,43,Con,8010,0.7802055179426798,Village or smaller
E14000909,Rutland and Melton,East Midlands,104112,46,Con,23104,0.7337088818933765,Village or smaller
E14000910,Saffron Walden,East,111701,44,Con,24966,0.7332314137134053,Village or smaller
E14000911,Salford and Eccles,North West,117990,34,Lab,19132,0.609874487704918,Large Town
E14000912,Salisbury,South West,96573,45,Con,17333,0.731369697634857,Medium Town
E14000913,Scarborough and Whitby,Yorkshire and The Humber,96695,48,Con,3435,0.6854576828489517,Large Town
E14000914,Scunthorpe,Yorkshire and The Humber,91641,39,Lab,3431,0.6528630354996915,Large Town
E14000915,Sedgefield,North East,84279,45,Lab,6059,0.6509884330635947,Village or smaller
E14000916,Sefton Central,North West,83315,50,Lab,15618,0.7545603384575262,Medium Town
E14000917,Selby and Ainsty,Yorkshire and The Humber,101373,44,Con,13772,0.7386390579309254,Village or smaller
E14000918,Sevenoaks,South East,96949,43,Con,21917,0.7156850415706002,Village or smaller
E14000919,Sheffield Central,Yorkshire and The Humber,130085,26,Lab,27748,0.6172898401237752,Core City (outside London)
E14000920,Sheffield South East,Yorkshire and The Humber,94106,40,Lab,11798,0.6323301182101675,Core City (outside London)
E14000921,"Sheffield, Brightside and Hillsborough",Yorkshire and The Humber,112154,34,Lab,19143,0.5952177868759241,Core City (outside London)
E14000922,"Sheffield, Hallam",Yorkshire and The Humber,92386,41,Lab,2125,0.7762575726635355,Core City (outside London)
E14000923,"Sheffield, Heeley",Yorkshire and The Humber,94955,39,Lab,13828,0.65,Core City (outside London)
E14000924,Sherwood,East Midlands,100376,43,Con,5198,0.7003517244999737,Village or smaller
E14000925,Shipley,Yorkshire and The Humber,95974,44,Con,4681,0.7301081591073797,Small Town
E14000926,Shrewsbury and Atcham,West Midlands,106407,44,Con,6627,0.7363460394974887,Large Town
E14000927,Sittingbourne and Sheppey,South East,117975,40,Con,15211,0.6288654747482164,Medium Town
E14000928,Skipton and Ripon,Yorkshire and The Humber,99840,49,Con,19985,0.7443664857113592,Village or smaller
E14000929,Sleaford and North Hykeham,East Midlands,118053,47,Con,25237,0.7236085297319887,Village or smaller
E14000930,Slough,South East,142082,34,Lab,16998,0.6520198866365645,Large Town
E14000931,Solihull,West Midlands,102258,44,Con,20571,0.729511884713777,Large Town
E14000932,Somerton and Frome,South West,106834,48,Con,22906,0.7566824970096048,Village or smaller
E14000933,South Basildon and East Thurrock,East,100461,39,Con,11490,0.6407658729619103,Large Town
E14000934,South Cambridgeshire,East,115828,42,Con,15952,0.761509318882907,Village or smaller
E14000935,South Derbyshire,East Midlands,102385,42,Con,11970,0.6890678188007332,Medium Town
E14000936,South Dorset,South West,93451,48,Con,11695,0.6870144137228171,Medium Town
E14000937,South East Cambridgeshire,East,120504,42,Con,16158,0.7315521185309042,Village or smaller
E14000938,South East Cornwall,South West,89989,49,Con,17443,0.7404563160823595,Village or smaller
E14000939,South Holland and The Deepings,East Midlands,107467,46,Con,24897,0.6587974965302328,Village or smaller
E14000940,South Leicestershire,East Midlands,105253,43,Con,18631,0.7177185541558524,Small Town
E14000941,South Norfolk,East,107778,46,Con,16678,0.7357895370537596,Village or smaller
E14000942,South Northamptonshire,East Midlands,117338,42,Con,22840,0.7579146212059376,Village or smaller
E14000943,South Ribble,North West,99596,45,Con,7421,0.7238620762488119,Medium Town
E14000944,South Shields,North East,83621,43,Lab,14508,0.6427569246291363,Large Town
E14000945,South Staffordshire,West Midlands,97353,47,Con,22733,0.6959191732138723,Small Town
E14000946,South Suffolk,East,94900,48,Con,17749,0.7184871166456912,Village or smaller
E14000947,South Swindon,South West,108126,39,Con,2464,0.708436964571934,Other City
E14000948,South Thanet,South East,101730,45,Con,6387,0.6878231537036525,Medium Town
E14000949,South West Bedfordshire,East,111581,39,Con,14168,0.6984232594340807,Medium Town
E14000950,South West Devon,South West,89446,47,Con,15816,0.7417485265225933,Other City
E14000951,South West Hertfordshire,East,110191,42,Con,19550,0.747999062735087,Small Town
E14000952,South West Norfolk,East,109166,45,Con,18312,0.6730872948609292,Village or smaller
E14000953,South West Surrey,South East,106199,43,Con,21590,0.7743522718536173,Medium Town
E14000954,South West Wiltshire,South West,103010,45,Con,18326,0.7119951104059924,Medium Town
E14000955,"Southampton, Itchen",South East,110014,33,Con,31,0.6522824238030172,Other City
E14000956,"Southampton, Test",South East,112751,31,Lab,11503,0.6681434208464508,Other City
E14000957,Southend West,East,92501,43,Con,10000,0.6972974570385804,Other City
E14000958,Southport,North West,92050,47,Con,2914,0.6910086455331412,Large Town
E14000959,Spelthorne,South East,99120,41,Con,13425,0.689899643452045,Medium Town
E14000960,St Albans,East,103086,39,Con,6109,0.7828212770048482,Large Town
E14000961,St Austell and Newquay,South West,106443,45,Con,11142,0.6896411352389675,Village or smaller
E14000962,St Helens North,North West,98708,43,Lab,18406,0.6600515192934497,Small Town
E14000963,St Helens South and Whiston,North West,102854,42,Lab,24343,0.6691381142770383,Large Town
E14000964,St Ives,South West,87250,49,Con,312,0.762916077146474,Village or smaller
E14000965,Stafford,West Midlands,97986,43,Con,7729,0.7586237124698663,Large Town
E14000966,Staffordshire Moorlands,West Midlands,78763,47,Con,10830,0.7058963009800822,Small Town
E14000967,Stalybridge and Hyde,North West,94171,40,Lab,8084,0.5945609096892549,Medium Town
E14000968,Stevenage,East,98200,38,Con,3386,0.697053628206034,Large Town
E14000969,Stockport,North West,88745,37,Lab,14477,0.6467401457126845,Large Town
E14000970,Stockton North,North East,92763,39,Lab,8715,0.6446556536169571,Large Town
E14000971,Stockton South,North East,103724,40,Lab,888,0.7117223140495867,Small Town
E14000972,Stoke-on-Trent Central,West Midlands,85975,35,Lab,3897,0.582359659140824,Other City
E14000973,Stoke-on-Trent North,West Midlands,99306,38,Lab,2359,0.5839458900472344,Other City
E14000974,Stoke-on-Trent South,West Midlands,90359,40,Con,663,0.6311216070969011,Other City
E14000975,Stone,West Midlands,85555,48,Con,17495,0.7376739797121963,Village or smaller
E14000976,Stourbridge,West Midlands,90208,43,Con,7654,0.6712953072705262,Large Town
E14000977,Stratford-on-Avon,West Midlands,92178,48,Con,21958,0.7376398611034559,Village or smaller
E14000978,Streatham,London,123997,33,Lab,26285,0.7094177929789317,Core City (London)
E14000979,Stretford and Urmston,North West,100958,39,Lab,19705,0.6987178594796264,Medium Town
E14000980,Stroud,South West,104822,45,Lab,687,0.7703617861152355,Village or smaller
E14000981,Suffolk Coastal,East,102482,51,Con,16012,0.7317239120026208,Village or smaller
E14000982,Sunderland Central,North East,101578,40,Lab,9997,0.620270047299527,Other City
E14000983,Surrey Heath,South East,109004,43,Con,24943,0.7159377940666634,Medium Town
E14000984,Sutton and Cheam,London,101463,39,Con,12698,0.738168285892847,Core City (London)
E14000985,Sutton Coldfield,West Midlands,94906,44,Con,15339,0.6986993073547295,Large Town
E14000986,Tamworth,West Midlands,95401,42,Con,12347,0.6606551859538902,Large Town
E14000987,Tatton,North West,86010,46,Con,14787,0.7236349706809677,Medium Town
E14000988,Taunton Deane,South West,117423,44,Con,15887,0.7378330622418292,Large Town
E14000989,Telford,West Midlands,96290,38,Con,720,0.6561242768625378,Large Town
E14000990,Tewkesbury,South West,106198,44,Con,22574,0.72549115913556,Small Town
E14000991,The Cotswolds,South West,100817,48,Con,25499,0.7421099081405611,Village or smaller
E14000992,The Wrekin,West Midlands,95165,41,Con,9564,0.7218675295901114,Large Town
E14000993,Thirsk and Malton,Yorkshire and The Humber,100911,49,Con,19001,0.7109317401805009,Village or smaller
E14000994,Thornbury and Yate,South West,86444,45,Con,12071,0.7466269958168856,Village or smaller
E14000995,Thurrock,East,128157,35,Con,345,0.6439209765335108,Large Town
E14000996,Tiverton and Honiton,South West,101980,49,Con,19801,0.7161437366067558,Village or smaller
E14000997,Tonbridge and Malling,South East,105463,42,Con,23508,0.7350711084128809,Medium Town
E14000998,Tooting,London,109451,33,Lab,15458,0.7460594323530544,Core City (London)
E14000999,Torbay,South West,99901,47,Con,14283,0.6739539845385942,Medium Town
E14001000,Torridge and West Devon,South West,101604,50,Con,20686,0.7386617654363916,Village or smaller
E14001001,Totnes,South West,85858,51,Con,13477,0.729459906550193,Village or smaller
E14001002,Tottenham,London,142569,33,Lab,34584,0.6769524175402009,Core City (London)
E14001003,Truro and Falmouth,South West,95669,44,Con,3792,0.7584992568589907,Small Town
E14001004,Tunbridge Wells,South East,107914,42,Con,16465,0.7248936909951592,Medium Town
E14001005,Twickenham,London,117932,40,LD,9762,0.7952064489815504,Core City (London)
E14001006,Tynemouth,North East,100074,44,Lab,11666,0.7342769326135806,Large Town
E14001007,Uxbridge and South Ruislip,London,110148,34,Con,5034,0.6676675817890643,Core City (London)
E14001008,Vauxhall,London,122334,32,Lab,20250,0.6707939796477972,Core City (London)
E14001009,Wakefield,Yorkshire and The Humber,99280,41,Lab,2176,0.6580039806653398,Large Town
E14001010,Wallasey,North West,90343,42,Lab,23320,0.7168292465976814,Large Town
E14001011,Walsall North,West Midlands,99247,36,Con,2601,0.5663219825280799,Medium Town
E14001012,Walsall South,West Midlands,104514,34,Lab,8892,0.6537223548956494,Large Town
E14001013,Walthamstow,London,117946,33,Lab,32017,0.7084332739820769,Core City (London)
E14001014,Wansbeck,North East,82231,45,Lab,10435,0.683078309279014,Small Town
E14001015,Wantage,South East,117983,41,Con,17380,0.7414030261348006,Village or smaller
E14001016,Warley,West Midlands,98304,34,Lab,16483,0.6307911953435102,Medium Town
E14001017,Warrington North,North West,97017,41,Lab,9582,0.674615534358575,Large Town
E14001018,Warrington South,North West,112687,42,Lab,2549,0.7240968499246645,Large Town
E14001019,Warwick and Leamington,West Midlands,99849,38,Lab,1206,0.7281409539717392,Medium Town
E14001020,Washington and Sunderland West,North East,88096,42,Lab,12940,0.6030618311533888,Large Town
E14001021,Watford,East,122153,37,Con,2092,0.6775174263354411,Large Town
E14001022,Waveney,East,104861,46,Con,9215,0.6522045986404665,Large Town
E14001023,Wealden,South East,108729,47,Con,23628,0.7425729198649064,Small Town
E14001024,Weaver Vale,North West,89411,43,Lab,3928,0.7333516865654341,Medium Town
E14001025,Wellingborough,East Midlands,113099,41,Con,12460,0.6717642011759659,Medium Town
E14001026,Wells,South West,106881,48,Con,7582,0.7379291943093473,Small Town
E14001027,Welwyn Hatfield,East,116869,34,Con,7369,0.7088821205136648,Medium Town
E14001028,Wentworth and Dearne,Yorkshire and The Humber,98554,42,Lab,14803,0.5868206703164641,Medium Town
E14001029,West Bromwich East,West Midlands,93365,37,Lab,7713,0.6123797888669611,Large Town
E14001030,West Bromwich West,West Midlands,95418,36,Lab,4460,0.5471523640608182,Medium Town
E14001031,West Dorset,South West,98090,51,Con,19091,0.7539469689302702,Village or smaller
E14001032,West Ham,London,185200,31,Lab,36754,0.6568850223982341,Core City (London)
E14001033,West Lancashire,North West,97626,43,Lab,11689,0.742440995399757,Medium Town
E14001034,West Suffolk,East,121071,38,Con,17063,0.6690024305735119,Village or smaller
E14001035,West Worcestershire,West Midlands,95096,50,Con,21328,0.759273949579832,Village or smaller
E14001036,Westminster North,London,129527,35,Lab,11512,0.6781160918460044,Core City (London)
E14001037,Westmorland and Lonsdale,North West,84614,50,LD,777,0.7785241975568977,Village or smaller
E14001038,Weston-Super-Mare,South West,110924,44,Con,11544,0.6868486412778806,Large Town
E14001039,Wigan,North West,104158,41,Lab,16027,0.6308735519314216,Large Town
E14001040,Wimbledon,London,99220,37,Con,5622,0.7715783168613357,Core City (London)
E14001041,Winchester,South East,102044,42,Con,9999,0.7883912437756045,Medium Town
E14001042,Windsor,South East,105669,41,Con,22384,0.7326720565255792,Medium Town
E14001043,Wirral South,North West,72991,46,Lab,8323,0.783683024102653,Medium Town
E14001044,Wirral West,North West,69375,48,Lab,5365,0.7849093669077596,Large Town
E14001045,Witham,East,91545,44,Con,18646,0.7122235561276885,Village or smaller
E14001046,Witney,South East,109266,44,Con,21241,0.7364826477449926,Village or smaller
E14001047,Woking,South East,108197,40,Con,16724,0.7252986740186426,Large Town
E14001048,Wokingham,South East,109445,40,Con,18798,0.7545094866706273,Medium Town
E14001049,Wolverhampton North East,West Midlands,90944,36,Lab,4587,0.6007569524436399,Other City
E14001050,Wolverhampton South East,West Midlands,93652,37,Lab,8514,0.6020464005572047,Other City
E14001051,Wolverhampton South West,West Midlands,87774,39,Lab,2185,0.7061079521768855,Other City
E14001052,Worcester,West Midlands,102314,38,Con,2508,0.6959116560431976,Large Town
E14001053,Workington,North West,79433,46,Lab,3925,0.6915456732763627,Small Town
E14001054,Worsley and Eccles South,North West,103048,38,Lab,8379,0.6193868827097667,Small Town
E14001055,Worthing West,South East,98911,48,Con,12090,0.7009401082860707,Large Town
E14001056,Wycombe,South East,111353,37,Con,6578,0.6939302346699184,Large Town
E14001057,Wyre and Preston North,North West,89672,48,Con,12246,0.727969136741382,Village or smaller
E14001058,Wyre Forest,West Midlands,100715,46,Con,13334,0.6575400601867332,Medium Town
E14001059,Wythenshawe and Sale East,North West,108336,36,Lab,14944,0.6003850132921256,Large Town
E14001060,Yeovil,South West,111055,45,Con,14723,0.7164359110425008,Medium Town
E14001061,York Central,Yorkshire and The Humber,111937,32,Lab,18575,0.6866455409687642,Large Town
E14001062,York Outer,Yorkshire and The Humber,96226,45,Con,8289,0.7572624777477418,Large Town
W07000041,Ynys M™n,Wales,69794,47,Lab,5259,0.7060902099355644,Village or smaller
W07000042,Delyn,Wales,69801,46,Lab,4240,0.7287483823257533,Small Town
W07000043,Alyn and Deeside,Wales,85354,41,Lab,5235,0.7103296145239871,Small Town
W07000044,Wrexham,Wales,70655,41,Lab,1832,0.7035143641867645,Large Town
W07000045,Llanelli,Wales,82826,43,Lab,12024,0.6787697277652522,Medium Town
W07000046,Gower,Wales,79176,45,Lab,3269,0.7331692485883886,Small Town
W07000047,Swansea West,Wales,83573,35,Lab,10598,0.6553118188849048,Other City
W07000048,Swansea East,Wales,82731,37,Lab,13168,0.600792877770373,Other City
W07000049,Aberavon,Wales,68203,41,Lab,16761,0.6668002886234266,Medium Town
W07000050,Cardiff Central,Wales,93276,26,Lab,17196,0.6808629064903522,Core City (outside London)
W07000051,Cardiff North,Wales,90507,39,Lab,4174,0.7738950625548564,Core City (outside London)
W07000052,Rhondda,Wales,69278,41,Lab,13746,0.6520172625410777,Small Town
W07000053,Torfaen,Wales,82378,41,Lab,10240,0.6214363104189913,Medium Town
W07000054,Monmouth,Wales,85613,49,Con,8206,0.7662111571584834,Small Town
W07000055,Newport East,Wales,81090,38,Lab,8003,0.6433351388185138,Large Town
W07000056,Newport West,Wales,88258,40,Lab,5658,0.6745135794034068,Large Town
W07000057,Arfon,Wales,62304,36,PC,92,0.6818961974520753,Village or smaller
W07000058,Aberconwy,Wales,58941,49,Con,635,0.7104815363196394,Village or smaller
W07000059,Clwyd West,Wales,73371,48,Con,3437,0.6977670219521823,Medium Town
W07000060,Vale of Clwyd,Wales,72026,45,Lab,2379,0.6799789066619792,Medium Town
W07000061,Dwyfor Meirionnydd,Wales,61438,49,PC,4850,0.6789413633414618,Village or smaller
W07000062,Clwyd South,Wales,72600,43,Lab,4356,0.6974631949226675,Village or smaller
W07000063,Montgomeryshire,Wales,63271,48,Con,9285,0.6874396611171313,Village or smaller
W07000064,Ceredigion,Wales,73076,45,PC,104,0.7328701485385721,Village or smaller
W07000065,Preseli Pembrokeshire,Wales,78902,46,Con,314,0.720651022987328,Village or smaller
W07000066,Carmarthen West and South Pembrokeshire,Wales,77544,47,Con,3110,0.7210108426534619,Village or smaller
W07000067,Carmarthen East and Dinefwr,Wales,71891,48,PC,3908,0.7329748463627269,Village or smaller
W07000068,Brecon and Radnorshire,Wales,69244,50,Con,8038,0.7379753615425817,Village or smaller
W07000069,Neath,Wales,73887,44,Lab,12631,0.6853496115427303,Medium Town
W07000070,Cynon Valley,Wales,70673,40,Lab,13238,0.6195114349164297,Medium Town
W07000071,Merthyr Tydfil and Rhymney,Wales,76168,40,Lab,16334,0.6048176261651912,Medium Town
W07000072,Blaenau Gwent,Wales,69609,43,Lab,11907,0.6321666308782478,Small Town
W07000073,Bridgend,Wales,83796,43,Lab,4700,0.6955857521910429,Medium Town
W07000074,Ogmore,Wales,77515,41,Lab,13871,0.65127352297593,Small Town
W07000075,Pontypridd,Wales,82153,40,Lab,11448,0.6587081434515554,Small Town
W07000076,Caerphilly,Wales,88129,40,Lab,12078,0.6414470107640453,Medium Town
W07000077,Islwyn,Wales,76451,42,Lab,11412,0.6415848976109215,Small Town
W07000078,Vale of Glamorgan,Wales,100945,43,Con,2190,0.7263213402020038,Medium Town
W07000079,Cardiff West,Wales,93312,37,Lab,12551,0.6983002620741295,Core City (outside London)
W07000080,Cardiff South and Penarth,Wales,115406,35,Lab,14864,0.663224355873933,Core City (outside London)
S14000001,Aberdeen North,Scotland,102352,33,SNP,4139,0.5916143569934009,Other City
S14000002,Aberdeen South,Scotland,95309,38,Con,4752,0.6848870143464072,Other City
S14000003,Airdrie and Shotts,Scotland,86826,41,SNP,195,0.5924297695881271,Village or smaller
S14000004,Angus,Scotland,86204,45,Con,2645,0.6295739348370928,Small Town
S14000005,Argyll and Bute,Scotland,86810,48,SNP,1328,0.7149933065595716,Village or smaller
S14000006,"Ayr, Carrick and Cumnock",Scotland,92077,47,Con,2774,0.6488117797335804,Medium Town
S14000007,Banff and Buchan,Scotland,92212,43,Con,3693,0.616011597461576,Village or smaller
S14000008,"Berwickshire, Roxburgh and Selkirk",Scotland,94600,48,Con,11060,0.7154841442253829,Village or smaller
S14000009,"Caithness, Sutherland and Easter Ross",Scotland,60696,47,LD,2044,0.6593197917555689,Village or smaller
S14000010,Central Ayrshire,Scotland,87378,46,SNP,1267,0.6534442528152582,Medium Town
S14000011,"Coatbridge, Chryston and Bellshill",Scotland,94646,41,Lab,1586,0.6326020393831288,Medium Town
S14000012,"Cumbernauld, Kilsyth and Kirkintilloch East",Scotland,87822,42,SNP,4264,0.6586080476004448,Medium Town
S14000013,Dumfries and Galloway,Scotland,95837,48,Con,5643,0.6953480850605073,Village or smaller
S14000014,"Dumfriesshire, Clydesdale and Tweeddale",Scotland,86333,48,Con,9441,0.7235488828466722,Village or smaller
S14000015,Dundee East,Scotland,90043,42,SNP,6645,0.6518662495824096,Large Town
S14000016,Dundee West,Scotland,88743,35,SNP,5262,0.6174094885384075,Large Town
S14000017,Dunfermline and West Fife,Scotland,101161,42,SNP,844,0.6740934559678613,Medium Town
S14000018,East Dunbartonshire,Scotland,83947,47,LD,5339,0.7813122171945701,Small Town
S14000019,"East Kilbride, Strathaven and Lesmahagow",Scotland,102527,44,SNP,3866,0.67255911091221,Large Town
S14000020,East Lothian,Scotland,104840,44,Lab,3083,0.7064847710922585,Small Town
S14000021,East Renfrewshire,Scotland,94760,43,Con,4712,0.7669516320093624,Small Town
S14000022,Edinburgh East,Scotland,104927,33,SNP,3425,0.6604801505402452,Core City (outside London)
S14000023,Edinburgh North and Leith,Scotland,112642,35,SNP,1625,0.7115875832043587,Core City (outside London)
S14000024,Edinburgh South,Scotland,90972,37,Lab,15514,0.7410964633711834,Core City (outside London)
S14000025,Edinburgh South West,Scotland,105398,35,SNP,1097,0.693894180786198,Core City (outside London)
S14000026,Edinburgh West,Scotland,99271,41,LD,2988,0.7383916083916084,Core City (outside London)
S14000027,Na h-Eileanan an Iar,Scotland,26950,48,SNP,1007,0.6956480916388902,Village or smaller
S14000028,Falkirk,Scotland,111441,43,SNP,4923,0.6542923151750972,Village or smaller
S14000029,Glasgow Central,Scotland,101186,30,SNP,2267,0.5592266807571566,Core City (outside London)
S14000030,Glasgow East,Scotland,93403,38,SNP,75,0.5459678149814318,Core City (outside London)
S14000031,Glasgow North,Scotland,78150,32,SNP,1060,0.6214585422004382,Core City (outside London)
S14000032,Glasgow North East,Scotland,86067,36,Lab,242,0.5301930553469824,Core City (outside London)
S14000033,Glasgow North West,Scotland,87449,37,SNP,2561,0.6090978940931115,Core City (outside London)
S14000034,Glasgow South,Scotland,88657,38,SNP,2027,0.644475305963024,Core City (outside London)
S14000035,Glasgow South West,Scotland,87240,37,SNP,60,0.5616357892397327,Core City (outside London)
S14000036,Glenrothes,Scotland,88129,43,SNP,3267,0.6086203260116304,Medium Town
S14000037,Gordon,Scotland,103569,43,Con,2607,0.6836153875539596,Village or smaller
S14000038,Inverclyde,Scotland,78760,45,SNP,384,0.6642482116459654,Medium Town
S14000039,"Inverness, Nairn, Badenoch and Strathspey",Scotland,105231,43,SNP,4924,0.6871193587007444,Village or smaller
S14000040,Kilmarnock and Loudoun,Scotland,96896,44,SNP,6269,0.6342684140903078,Village or smaller
S14000041,Kirkcaldy and Cowdenbeath,Scotland,98883,43,Lab,259,0.6352085367362935,Medium Town
S14000042,Lanark and Hamilton East,Scotland,97742,45,SNP,266,0.6528009519744415,Village or smaller
S14000043,Linlithgow and East Falkirk,Scotland,119100,41,SNP,2919,0.6508481655953403,Small Town
S14000044,Livingston,Scotland,110899,40,SNP,3878,0.6465496010245296,Medium Town
S14000045,Midlothian,Scotland,90090,41,Lab,885,0.662583421145065,Small Town
S14000046,Moray,Scotland,95780,44,Con,4159,0.6738241164064601,Small Town
S14000047,Motherwell and Wishaw,Scotland,93717,40,SNP,318,0.6146155537638349,Medium Town
S14000048,North Ayrshire and Arran,Scotland,94059,46,SNP,3633,0.6482043292882912,Small Town
S14000049,North East Fife,Scotland,83237,44,SNP,2,0.7126522961574508,Village or smaller
S14000050,Ochil and South Perthshire,Scotland,104049,46,Con,3359,0.7056156942436203,Village or smaller
S14000051,Orkney and Shetland,Scotland,45080,45,LD,4563,0.6813312258517737,Village or smaller
S14000052,Paisley and Renfrewshire North,Scotland,91554,42,SNP,2613,0.6912479981019041,Small Town
S14000053,Paisley and Renfrewshire South,Scotland,85276,43,SNP,2541,0.6799687010954617,Large Town
S14000054,Perth and North Perthshire,Scotland,98501,45,SNP,21,0.7179983835456091,Medium Town
S14000055,"Ross, Skye and Lochaber",Scotland,69253,48,SNP,5919,0.7169171110033932,Village or smaller
S14000056,Rutherglen and Hamilton West,Scotland,105351,41,Lab,265,0.6351219755799146,Medium Town
S14000057,Stirling,Scotland,94e3,42,Con,148,0.7431453737860423,Village or smaller
S14000058,West Aberdeenshire and Kincardine,Scotland,97158,43,Con,7950,0.712294934944879,Village or smaller
S14000059,West Dunbartonshire,Scotland,89610,43,SNP,2288,0.6520960918316027,Village or smaller
N06000001,Belfast East,Northern Ireland,95193,39,DUP,8474,0.6754862587605324,NA
N06000002,Belfast North,Northern Ireland,104231,37,DUP,2081,0.6730648068103562,NA
N06000003,Belfast South,Northern Ireland,114391,34,DUP,1996,0.6611451478708116,NA
N06000004,Belfast West,Northern Ireland,94620,34,SF,21652,0.6509299456930939,NA
N06000005,East Antrim,Northern Ireland,90196,42,DUP,15923,0.6063298785528073,NA
N06000006,East Londonderry,Northern Ireland,101534,40,DUP,8842,0.6120409320087115,NA
N06000007,Fermanagh and South Tyrone,Northern Ireland,107878,38,SF,875,0.7575105168482033,NA
N06000008,Foyle,Northern Ireland,103075,36,SF,169,0.6536175416642966,NA
N06000009,Lagan Valley,Northern Ireland,107881,40,DUP,19229,0.6206963249516441,NA
N06000010,Mid Ulster,Northern Ireland,103611,36,SF,12890,0.6818135358107614,NA
N06000011,Newry and Armagh,Northern Ireland,119091,36,SF,12489,0.6845756778166765,NA
N06000012,North Antrim,Northern Ireland,111886,40,DUP,20643,0.6405223574817929,NA
N06000013,North Down,Northern Ireland,91330,43,Ind,1208,0.6090869524668138,NA
N06000014,South Antrim,Northern Ireland,102756,38,DUP,3208,0.6325830842271848,NA
N06000015,South Down,Northern Ireland,112809,38,SF,2446,0.672431789654489,NA
N06000016,Strangford,Northern Ireland,91308,43,DUP,18343,0.6023753633777419,NA
N06000017,Upper Bann,Northern Ireland,126134,37,DUP,7992,0.6393822971759305,NA
N06000018,West Tyrone,Northern Ireland,92910,38,SF,10342,0.6793732131419019,NA
